{
    "name": "root",
    "gauges": {
        "MoveTargetToGoal.Policy.Entropy.mean": {
            "value": 0.5287225246429443,
            "min": 0.5285309553146362,
            "max": 1.420846939086914,
            "count": 500
        },
        "MoveTargetToGoal.Policy.Entropy.sum": {
            "value": 5354.90185546875,
            "min": 5177.5205078125,
            "max": 14549.47265625,
            "count": 500
        },
        "MoveTargetToGoal.Step.mean": {
            "value": 4999973.0,
            "min": 9949.0,
            "max": 4999973.0,
            "count": 500
        },
        "MoveTargetToGoal.Step.sum": {
            "value": 4999973.0,
            "min": 9949.0,
            "max": 4999973.0,
            "count": 500
        },
        "MoveTargetToGoal.Policy.ExtrinsicValueEstimate.mean": {
            "value": -0.0499710813164711,
            "min": -0.1564503163099289,
            "max": 0.014736372046172619,
            "count": 500
        },
        "MoveTargetToGoal.Policy.ExtrinsicValueEstimate.sum": {
            "value": -7.995373249053955,
            "min": -25.501401901245117,
            "max": 2.37255597114563,
            "count": 500
        },
        "MoveTargetToGoal.Environment.EpisodeLength.mean": {
            "value": 1999.0,
            "min": 286.6666666666667,
            "max": 1999.0,
            "count": 485
        },
        "MoveTargetToGoal.Environment.EpisodeLength.sum": {
            "value": 9995.0,
            "min": 1999.0,
            "max": 25987.0,
            "count": 485
        },
        "MoveTargetToGoal.Environment.CumulativeReward.mean": {
            "value": -0.9999000466428697,
            "min": -1.5527500472962856,
            "max": -0.14840002537571959,
            "count": 485
        },
        "MoveTargetToGoal.Environment.CumulativeReward.sum": {
            "value": -4.9995002332143486,
            "min": -25.098500303924084,
            "max": -0.9998000464402139,
            "count": 485
        },
        "MoveTargetToGoal.Policy.ExtrinsicReward.mean": {
            "value": -0.9999000466428697,
            "min": -1.5527500472962856,
            "max": -0.14840002537571959,
            "count": 485
        },
        "MoveTargetToGoal.Policy.ExtrinsicReward.sum": {
            "value": -4.9995002332143486,
            "min": -25.098500303924084,
            "max": -0.9998000464402139,
            "count": 485
        },
        "MoveTargetToGoal.Losses.PolicyLoss.mean": {
            "value": 0.04896537988895067,
            "min": 0.03266715449798438,
            "max": 0.052564273213243314,
            "count": 500
        },
        "MoveTargetToGoal.Losses.PolicyLoss.sum": {
            "value": 0.44068841900055605,
            "min": 0.29400439048185945,
            "max": 0.5237232927853862,
            "count": 500
        },
        "MoveTargetToGoal.Losses.ValueLoss.mean": {
            "value": 2.2346465161843446e-09,
            "min": 6.671518795228245e-10,
            "max": 0.05954638947562975,
            "count": 500
        },
        "MoveTargetToGoal.Losses.ValueLoss.sum": {
            "value": 2.0111818645659103e-08,
            "min": 6.004366915705421e-09,
            "max": 0.5954638947562975,
            "count": 500
        },
        "MoveTargetToGoal.Policy.LearningRate.mean": {
            "value": 2.8609323800221937e-07,
            "min": 2.8609323800221937e-07,
            "max": 0.00029969832010056003,
            "count": 500
        },
        "MoveTargetToGoal.Policy.LearningRate.sum": {
            "value": 2.574839142019974e-06,
            "min": 2.574839142019974e-06,
            "max": 0.0029849732450089195,
            "count": 500
        },
        "MoveTargetToGoal.Policy.Epsilon.mean": {
            "value": 0.1000953311111111,
            "min": 0.1000953311111111,
            "max": 0.19989944,
            "count": 500
        },
        "MoveTargetToGoal.Policy.Epsilon.sum": {
            "value": 0.90085798,
            "min": 0.90085798,
            "max": 1.99499108,
            "count": 500
        },
        "MoveTargetToGoal.Policy.Beta.mean": {
            "value": 1.0467122444444439e-05,
            "min": 1.0467122444444439e-05,
            "max": 0.000499507256,
            "count": 500
        },
        "MoveTargetToGoal.Policy.Beta.sum": {
            "value": 9.420410199999995e-05,
            "min": 9.420410199999995e-05,
            "max": 0.004975456292,
            "count": 500
        },
        "MoveTargetToGoal.IsTraining.mean": {
            "value": 1.0,
            "min": 1.0,
            "max": 1.0,
            "count": 500
        },
        "MoveTargetToGoal.IsTraining.sum": {
            "value": 1.0,
            "min": 1.0,
            "max": 1.0,
            "count": 500
        }
    },
    "metadata": {
        "timer_format_version": "0.1.0",
        "start_time_seconds": "1669586427",
        "python_version": "3.9.9 (tags/v3.9.9:ccb0e6a, Nov 15 2021, 18:08:50) [MSC v.1929 64 bit (AMD64)]",
        "command_line_arguments": "C:\\Users\\AClea\\Documents\\GitHub\\Unity_AR_RL_Teaching\\venv\\Scripts\\mlagents-learn config/moveTargetToGoal.yaml --force --run-id=2DTest",
        "mlagents_version": "0.28.0",
        "mlagents_envs_version": "0.28.0",
        "communication_protocol_version": "1.5.0",
        "pytorch_version": "1.7.1+cu110",
        "numpy_version": "1.23.4",
        "end_time_seconds": "1669590886"
    },
    "total": 4458.7521915,
    "count": 1,
    "self": 0.006327600000076927,
    "children": {
        "run_training.setup": {
            "total": 0.09159260000000002,
            "count": 1,
            "self": 0.09159260000000002
        },
        "TrainerController.start_learning": {
            "total": 4458.6542713,
            "count": 1,
            "self": 5.936616999879334,
            "children": {
                "TrainerController._reset_env": {
                    "total": 10.5575262,
                    "count": 1,
                    "self": 10.5575262
                },
                "TrainerController.advance": {
                    "total": 4442.12564170012,
                    "count": 314726,
                    "self": 5.4495935001787075,
                    "children": {
                        "env_step": {
                            "total": 3104.1872504999164,
                            "count": 314726,
                            "self": 2190.350400899824,
                            "children": {
                                "SubprocessEnvManager._take_step": {
                                    "total": 910.4416914999467,
                                    "count": 314726,
                                    "self": 18.58452479996174,
                                    "children": {
                                        "TorchPolicy.evaluate": {
                                            "total": 891.857166699985,
                                            "count": 312538,
                                            "self": 522.5269055999463,
                                            "children": {
                                                "TorchPolicy.sample_actions": {
                                                    "total": 369.3302611000387,
                                                    "count": 312538,
                                                    "self": 369.3302611000387
                                                }
                                            }
                                        }
                                    }
                                },
                                "workers": {
                                    "total": 3.3951581001457143,
                                    "count": 314726,
                                    "self": 0.0,