{"count":1,"self":318.24965119999996,"total":307456.0999797,"children":{"InitializeActuators":{"count":30,"self":0.0010000999999999999,"total":0.0010000999999999999,"children":null},"InitializeSensors":{"count":30,"self":0.0029993,"total":0.0029993,"children":null},"AgentSendState":{"count":333534,"self":8.1608448,"total":37.035854,"children":{"CollectObservations":{"count":2001210,"self":3.1712759999999998,"total":3.1712761,"children":null},"WriteActionMask":{"count":2001210,"self":1.7113284,"total":1.7113283,"children":null},"RequestDecision":{"count":2001210,"self":5.174596,"total":23.9924046,"children":{"AgentInfo.ToProto":{"count":2001210,"self":5.2431544,"total":18.8178087,"children":{"GenerateSensorData":{"count":2001210,"self":13.5746544,"total":13.5746545,"children":null}}}}}}},"DecideAction":{"count":333534,"self":307089.6111616,"total":307089.6100683,"children":null},"AgentAct":{"count":333534,"self":11.089808,"total":11.118209199999999,"children":{"AgentInfo.ToProto":{"count":1020,"self":0.0040155,"total":0.0284015,"children":{"GenerateSensorData":{"count":1020,"self":0.024385999999999998,"total":0.024385999999999998,"children":null}}}}},"AgentInfo.ToProto":{"count":2890,"self":0.0301583,"total":0.07920329999999999,"children":{"GenerateSensorData":{"count":2890,"self":0.049045,"total":0.049045,"children":null}}}},"gauges":{"MoveToTarget.CumulativeReward":{"count":3910,"max":1,"min":-1,"runningAverage":-0.423018,"value":0,"weightedAverage":0.203404248}},"metadata":{"timer_format_version":"0.1.0","start_time_seconds":"1668132664","unity_version":"2020.3.32f1","command_line_arguments":"C:\\Program Files\\2020.3.32f1\\Editor\\Unity.exe -projectpath C:\\Users\\AClea\\Documents\\GitHub\\Unity_AR_RL_Teaching -useHub -hubIPC -cloudEnvironment production -licensingIpc LicenseClient-AClea -hubSessionId 5f4325f0-611f-11ed-85d6-171b46faa27e -accessToken Zbi3E34zRICZLASZ7umV9luBx2sV--zWtQ8LxDJDN3g002f","communication_protocol_version":"1.5.0","com.unity.ml-agents_version":"2.3.0-exp.2","scene_name":"Main","end_time_seconds":"1668440119"}}