{
    "name": "root",
    "gauges": {
        "MoveToTarget.Policy.Entropy.mean": {
            "value": -0.716332197189331,
            "min": -0.7181980609893799,
            "max": 1.3901554346084595,
            "count": 200
        },
        "MoveToTarget.Policy.Entropy.sum": {
            "value": -7328.078125,
            "min": -7328.078125,
            "max": 15263.90625,
            "count": 200
        },
        "MoveToTarget.Environment.EpisodeLength.mean": {
            "value": 848.6,
            "min": 97.52857142857142,
            "max": 999.0,
            "count": 200
        },
        "MoveToTarget.Environment.EpisodeLength.sum": {
            "value": 8486.0,
            "min": 4222.0,
            "max": 16692.0,
            "count": 200
        },
        "MoveToTarget.Step.mean": {
            "value": 1999977.0,
            "min": 9969.0,
            "max": 1999977.0,
            "count": 200
        },
        "MoveToTarget.Step.sum": {
            "value": 1999977.0,
            "min": 9969.0,
            "max": 1999977.0,
            "count": 200
        },
        "MoveToTarget.Policy.ExtrinsicValueEstimate.mean": {
            "value": 0.004974914249032736,
            "min": -0.6370875239372253,
            "max": 0.06357649713754654,
            "count": 200
        },
        "MoveToTarget.Policy.ExtrinsicValueEstimate.sum": {
            "value": 0.8009611964225769,
            "min": -123.59497833251953,
            "max": 10.108663558959961,
            "count": 200
        },
        "MoveToTarget.Environment.CumulativeReward.mean": {
            "value": 0.0,
            "min": -0.9545454545454546,
            "max": 0.45454545454545453,
            "count": 200
        },
        "MoveToTarget.Environment.CumulativeReward.sum": {
            "value": 0.0,
            "min": -66.0,
            "max": 7.0,
            "count": 200
        },
        "MoveToTarget.Policy.ExtrinsicReward.mean": {
            "value": 0.0,
            "min": -0.9545454545454546,
            "max": 0.45454545454545453,
            "count": 200
        },
        "MoveToTarget.Policy.ExtrinsicReward.sum": {
            "value": 0.0,
            "min": -66.0,
            "max": 7.0,
            "count": 200
        },
        "MoveToTarget.Losses.PolicyLoss.mean": {
            "value": 0.24196153747909377,
            "min": 0.23609657497500955,
            "max": 0.25285346184072166,
            "count": 200
        },
        "MoveToTarget.Losses.PolicyLoss.sum": {
            "value": 18.147115310932033,
            "min": 12.573398930067428,
            "max": 19.60109918112204,
            "count": 200
        },
        "MoveToTarget.Losses.ValueLoss.mean": {
            "value": 0.0056364823521299215,
            "min": 8.33589349837249e-05,
            "max": 0.0741012495522484,
            "count": 200
        },
        "MoveToTarget.Losses.ValueLoss.sum": {
            "value": 0.42273617640974415,
            "min": 0.0057517665138770175,
            "max": 5.2611887182096355,
            "count": 200
        },
        "MoveToTarget.Policy.LearningRate.mean": {
            "value": 7.458817514059997e-07,
            "min": 7.458817514059997e-07,
            "max": 0.00029911606205935195,
            "count": 200
        },
        "MoveToTarget.Policy.LearningRate.sum": {
            "value": 5.594113135544998e-05,
            "min": 5.594113135544998e-05,
            "max": 0.021517568227477298,
            "count": 200
        },
        "MoveToTarget.Policy.Epsilon.mean": {
            "value": 0.10024859400000001,
            "min": 0.10024859400000001,
            "max": 0.19970535392156863,
            "count": 200
        },
        "MoveToTarget.Policy.Epsilon.sum": {
            "value": 7.518644550000001,
            "min": 7.118797750000001,
            "max": 14.4725227,
            "count": 200
        },
        "MoveToTarget.Policy.Beta.mean": {
            "value": 0.0005000000000000001,
            "min": 0.0005,
            "max": 0.0005000000000000001,
            "count": 200
        },
        "MoveToTarget.Policy.Beta.sum": {
            "value": 0.037500000000000006,
            "min": 0.025500000000000002,
            "max": 0.03950000000000001,
            "count": 200
        },
        "MoveToTarget.IsTraining.mean": {
            "value": 1.0,
            "min": 1.0,
            "max": 1.0,
            "count": 200
        },
        "MoveToTarget.IsTraining.sum": {
            "value": 1.0,
            "min": 1.0,
            "max": 1.0,
            "count": 200
        }
    },
    "metadata": {
        "timer_format_version": "0.1.0",
        "start_time_seconds": "1668132653",
        "python_version": "3.9.9 (tags/v3.9.9:ccb0e6a, Nov 15 2021, 18:08:50) [MSC v.1929 64 bit (AMD64)]",
        "command_line_arguments": "C:\\Users\\AClea\\Documents\\GitHub\\Unity_AR_RL_Teaching\\venv\\Scripts\\mlagents-learn config/moveToTarget.yaml --run-id=Test2",
        "mlagents_version": "0.28.0",
        "mlagents_envs_version": "0.28.0",
        "communication_protocol_version": "1.5.0",
        "pytorch_version": "1.7.1+cu110",
        "numpy_version": "1.23.4",
        "end_time_seconds": "1668440118"
    },
    "total": 307472.26319140004,
    "count": 1,
    "self": 0.0761651000357233,
    "children": {
        "run_training.setup": {
            "total": 0.14350469999999982,
            "count": 1,
            "self": 0.14350469999999982
        },
        "TrainerController.start_learning": {
            "total": 307472.0435216,
            "count": 1,
            "self": 1.584183698578272,
            "children": {
                "TrainerController._reset_env": {
                    "total": 14.905378000000002,
                    "count": 1,
                    "self": 14.905378000000002
                },
                "TrainerController.advance": {
                    "total": 307455.3917639014,
                    "count": 69666,
                    "self": 1.4566221095155925,
                    "children": {
                        "env_step": {
                            "total": 1732.8464200918033,
                            "count": 69666,
                            "self": 1566.367094997005,
                            "children": {
                                "SubprocessEnvManager._take_step": {
                                    "total": 165.6387313993856,
                                    "count": 69666,
                                    "self": 4.849368296095832,
                                    "children": {
                                        "TorchPolicy.evaluate": {
                                            "total": 160.78936310328976,
                                            "count": 66704,
                                            "self": 70.69528620419798,
                                            "children": {
                                                "TorchPolicy.sample_actions": {
                                                    "total": 90.09407689909177,
                                                    "count": 66704,
                                                    "self": 90.09407689909177
                                                }
                                            }
                                        }
                                    }
                                },
                                "workers": {
                                    "total": 0.8405936954126005,
                                    "count": 69666,
                                    "self": 0.0,
                                    "children": {
                                        "worker_root": {
                                            "total": 307457.89920429833,
                                            "count": 69666,
                                            "is_parallel": true,