{
    "name": "root",
    "gauges": {
        "MoveToTarget.Policy.Entropy.mean": {
            "value": -0.5750676393508911,
            "min": -0.5750676393508911,
            "max": 1.3984391689300537,
            "count": 200
        },
        "MoveToTarget.Policy.Entropy.sum": {
            "value": -5693.169921875,
            "min": -5888.47900390625,
            "max": 15480.7216796875,
            "count": 200
        },
        "MoveToTarget.Environment.EpisodeLength.mean": {
            "value": 904.125,
            "min": 95.37096774193549,
            "max": 999.0,
            "count": 200
        },
        "MoveToTarget.Environment.EpisodeLength.sum": {
            "value": 7233.0,
            "min": 2627.0,
            "max": 15514.0,
            "count": 200
        },
        "MoveToTarget.Step.mean": {
            "value": 1999970.0,
            "min": 9943.0,
            "max": 1999970.0,
            "count": 200
        },
        "MoveToTarget.Step.sum": {
            "value": 1999970.0,
            "min": 9943.0,
            "max": 1999970.0,
            "count": 200
        },
        "MoveToTarget.Policy.ExtrinsicValueEstimate.mean": {
            "value": -0.021870454773306847,
            "min": -0.5481778979301453,
            "max": 0.02984117902815342,
            "count": 200
        },
        "MoveToTarget.Policy.ExtrinsicValueEstimate.sum": {
            "value": -3.4992728233337402,
            "min": -103.05744934082031,
            "max": 4.714906215667725,
            "count": 200
        },
        "MoveToTarget.Environment.CumulativeReward.mean": {
            "value": -0.375,
            "min": -1.0,
            "max": 0.125,
            "count": 200
        },
        "MoveToTarget.Environment.CumulativeReward.sum": {
            "value": -3.0,
            "min": -56.0,
            "max": 1.0,
            "count": 200
        },
        "MoveToTarget.Policy.ExtrinsicReward.mean": {
            "value": -0.375,
            "min": -1.0,
            "max": 0.125,
            "count": 200
        },
        "MoveToTarget.Policy.ExtrinsicReward.sum": {
            "value": -3.0,
            "min": -56.0,
            "max": 1.0,
            "count": 200
        },
        "MoveToTarget.Losses.PolicyLoss.mean": {
            "value": 0.24835119196262326,
            "min": 0.23623083687668675,
            "max": 0.2541439013576802,
            "count": 200
        },
        "MoveToTarget.Losses.PolicyLoss.sum": {
            "value": 18.37798820523412,
            "min": 14.176715106657404,
            "max": 19.141260218776832,
            "count": 200
        },
        "MoveToTarget.Losses.ValueLoss.mean": {
            "value": 0.003404172388028072,
            "min": 0.00019946012175753975,
            "max": 0.06677054097790551,
            "count": 200
        },
        "MoveToTarget.Losses.ValueLoss.sum": {
            "value": 0.2519087567140773,
            "min": 0.014959509131815481,
            "max": 5.074561114320819,
            "count": 200
        },
        "MoveToTarget.Policy.LearningRate.mean": {
            "value": 7.405828612804048e-07,
            "min": 7.405828612804048e-07,
            "max": 0.00029914525890560345,
            "count": 200
        },
        "MoveToTarget.Policy.LearningRate.sum": {
            "value": 5.480313173474996e-05,
            "min": 5.480313173474996e-05,
            "max": 0.022401048582983845,
            "count": 200
        },
        "MoveToTarget.Policy.Epsilon.mean": {
            "value": 0.10024682770270271,
            "min": 0.10024682770270271,
            "max": 0.19971508620689654,
            "count": 200
        },
        "MoveToTarget.Policy.Epsilon.sum": {
            "value": 7.418265250000001,
            "min": 7.260145900000001,
            "max": 15.06701615,
            "count": 200
        },
        "MoveToTarget.Policy.Beta.mean": {
            "value": 0.0005000000000000001,
            "min": 0.0005,
            "max": 0.0005000000000000001,
            "count": 200
        },
        "MoveToTarget.Policy.Beta.sum": {
            "value": 0.037000000000000005,
            "min": 0.029000000000000005,
            "max": 0.03900000000000001,
            "count": 200
        },
        "MoveToTarget.IsTraining.mean": {
            "value": 1.0,
            "min": 1.0,
            "max": 1.0,
            "count": 200
        },
        "MoveToTarget.IsTraining.sum": {
            "value": 1.0,
            "min": 1.0,
            "max": 1.0,
            "count": 200
        }
    },
    "metadata": {
        "timer_format_version": "0.1.0",
        "start_time_seconds": "1668049908",
        "python_version": "3.9.9 (tags/v3.9.9:ccb0e6a, Nov 15 2021, 18:08:50) [MSC v.1929 64 bit (AMD64)]",
        "command_line_arguments": "C:\\Users\\AClea\\Documents\\GitHub\\Unity_AR_RL_Teaching\\venv\\Scripts\\mlagents-learn --force config/moveToTarget.yaml",
        "mlagents_version": "0.28.0",
        "mlagents_envs_version": "0.28.0",
        "communication_protocol_version": "1.5.0",
        "pytorch_version": "1.7.1+cu110",
        "numpy_version": "1.23.4",
        "end_time_seconds": "1668066435"
    },
    "total": 16527.6704545,
    "count": 1,
    "self": 0.018780999998853076,
    "children": {
        "run_training.setup": {
            "total": 0.13231510000000002,
            "count": 1,
            "self": 0.13231510000000002
        },
        "TrainerController.start_learning": {
            "total": 16527.5193584,
            "count": 1,
            "self": 2.6384535003417113,
            "children": {
                "TrainerController._reset_env": {
                    "total": 13.8510634,
                    "count": 1,
                    "self": 13.8510634
                },
                "TrainerController.advance": {
                    "total": 16510.956053099657,
                    "count": 69582,
                    "self": 2.5093263994967856,
                    "children": {
                        "env_step": {
                            "total": 2480.1518715000248,
                            "count": 69582,
                            "self": 2207.596963000173,
                            "children": {
                                "SubprocessEnvManager._take_step": {
                                    "total": 271.03937029970473,
                                    "count": 69582,
                                    "self": 8.50161789958372,
                                    "children": {
                                        "TorchPolicy.evaluate": {
                                            "total": 262.537752400121,
                                            "count": 66696,
                                            "self": 78.76900209980653,
                                            "children": {
                                                "TorchPolicy.sample_actions": {
                                                    "total": 183.76875030031448,
                                                    "count": 66696,
                                                    "self": 183.76875030031448
                                                }
                                            }
                                        }
                                    }
                                },
                                "workers": {
                                    "total": 1.5155382001469953,
                                    "count": 69582,
                                    "self": 0.0,
                                    "children": {
                                        "worker_root": {
                                            "total": 16511.821692500092,
                                            "count": 69582,
                                            "is_parallel": true,
                                            "self": 14507.416001700109,